"Origin Movement ID","Origin Display Name","Destination Movement ID","Destination Display Name","Date Range","Mean Travel Time (Seconds)","Range - Lower Bound Travel Time (Seconds)","Range - Upper Bound Travel Time (Seconds)"
"258","Haji Bunder Rd","1","0, Beverly Park Rd, Chandan Shanti, Mira Road East","3/1/2020 - 3/31/2020, Every day, Daily Average",5148,3994,6633
"258","Haji Bunder Rd","2","0, Central Park Rd, Sector 20, Kharghar","3/1/2020 - 3/31/2020, Every day, Daily Average",3171,2629,3824
"258","Haji Bunder Rd","3","VP Road","3/1/2020 - 3/31/2020, Every day, Daily Average",2735,2117,3532
"258","Haji Bunder Rd","4","Shop No.3/4, Kanjur Marg Village, Damle Colony, Kanjurmarg East, Bhandup East","3/1/2020 - 3/31/2020, Every day, Daily Average",1968,1608,2408
"258","Haji Bunder Rd","5","NH48","3/1/2020 - 3/31/2020, Every day, Daily Average",5060,3951,6480
"258","Haji Bunder Rd","9","0/1, MGM School Marg, Sector 8, Nerul West","3/1/2020 - 3/31/2020, Every day, Daily Average",2450,1960,3061
"258","Haji Bunder Rd","10","700, Aala Hazrat Rd, Jagruti Nagar, Nehru Nagar, Kurla East","3/1/2020 - 3/31/2020, Every day, Daily Average",1293,1011,1652
"258","Haji Bunder Rd","11","0, Lal Bahadur Shastri Rd, Nirmal Nagar, Mulund West","3/1/2020 - 3/31/2020, Every day, Daily Average",2312,1859,2875
"258","Haji Bunder Rd","14","0, PL Lokhande Marg, BMC Colony, Chedda Nagar","3/1/2020 - 3/31/2020, Every day, Daily Average",1191,901,1572
"258","Haji Bunder Rd","15","Rodas Enclave","3/1/2020 - 3/31/2020, Every day, Daily Average",3595,2884,4479
"258","Haji Bunder Rd","16","Kalyan - Shilphata Rd","3/1/2020 - 3/31/2020, Every day, Daily Average",5776,4529,7365
"258","Haji Bunder Rd","18","Sky Pillar Apartment","3/1/2020 - 3/31/2020, Every day, Daily Average",2839,2246,3588
"258","Haji Bunder Rd","19","300-D","3/1/2020 - 3/31/2020, Every day, Daily Average",3623,2696,4867
"258","Haji Bunder Rd","21","0, Vijay Garden Rd, Kavesar, Thane West","3/1/2020 - 3/31/2020, Every day, Daily Average",3874,3129,4795
"258","Haji Bunder Rd","22","Goregaon-Mulund Link Rd","3/1/2020 - 3/31/2020, Every day, Daily Average",1854,1516,2266
"258","Haji Bunder Rd","23","3D-102","3/1/2020 - 3/31/2020, Every day, Daily Average",3716,2770,4983
"258","Haji Bunder Rd","24","Mumbai - Agra National Hwy","3/1/2020 - 3/31/2020, Every day, Daily Average",3154,2561,3884
"258","Haji Bunder Rd","28","Marine Dr","3/1/2020 - 3/31/2020, Every day, Daily Average",1387,1041,1847
"258","Haji Bunder Rd","29","700, Sector 2","3/1/2020 - 3/31/2020, Every day, Daily Average",2573,2068,3201
"258","Haji Bunder Rd","31","Cart Path","3/1/2020 - 3/31/2020, Every day, Daily Average",3012,2487,3646
"258","Haji Bunder Rd","32","F, Panch Ratan Rd, Sunderwadi, Versova, Andheri West","3/1/2020 - 3/31/2020, Every day, Daily Average",3701,2956,4633
"258","Haji Bunder Rd","33","Mumbai - Agra National Hwy","3/1/2020 - 3/31/2020, Every day, Daily Average",1409,1133,1751
"258","Haji Bunder Rd","34","0, Sewri Ford Rd, MPT, Sewri","3/1/2020 - 3/31/2020, Every day, Daily Average",151,113,200
"258","Haji Bunder Rd","35","A-28, Gyan Vikas Road, Shree Ganesh Panchami Society, Sector 23, Kopar Khairane","3/1/2020 - 3/31/2020, Every day, Daily Average",2421,1891,3099
"258","Haji Bunder Rd","36","B/101, Mumbai - Pune Rd, Narayan Patil Wadi, Taha Nagar, Mumbra","3/1/2020 - 3/31/2020, Every day, Daily Average",3172,2335,4308
"258","Haji Bunder Rd","37","Station Rd","3/1/2020 - 3/31/2020, Every day, Daily Average",3638,3002,4408
"258","Haji Bunder Rd","38","Mira Kurti Apt.","3/1/2020 - 3/31/2020, Every day, Daily Average",4853,3699,6366
"258","Haji Bunder Rd","39","500-A","3/1/2020 - 3/31/2020, Every day, Daily Average",2490,1928,3215
"258","Haji Bunder Rd","40","Shahid Bhagat Singh Rd","3/1/2020 - 3/31/2020, Every day, Daily Average",5468,4242,7047
"258","Haji Bunder Rd","41","Virani Towers","3/1/2020 - 3/31/2020, Every day, Daily Average",4031,3045,5336
"258","Haji Bunder Rd","42","Plot No.96, Swami Nityanand Rd, HOC Colony, Panvel","3/1/2020 - 3/31/2020, Every day, Daily Average",3471,2802,4298
"258","Haji Bunder Rd","43","D-222/227, Thane - Belapur Rd, MIDC Industrial Area, Shiravane, Nerul","3/1/2020 - 3/31/2020, Every day, Daily Average",2242,1785,2814
"258","Haji Bunder Rd","45","Elita","3/1/2020 - 3/31/2020, Every day, Daily Average",3323,2556,4319
"258","Haji Bunder Rd","46","Varsha","3/1/2020 - 3/31/2020, Every day, Daily Average",1438,1083,1908
"258","Haji Bunder Rd","47","Cheradevi Kaloni Gali","3/1/2020 - 3/31/2020, Every day, Daily Average",4889,4019,5946
"258","Haji Bunder Rd","48","200, Mount Mary","3/1/2020 - 3/31/2020, Every day, Daily Average",2096,1724,2548
"258","Haji Bunder Rd","49","Bama Society","3/1/2020 - 3/31/2020, Every day, Daily Average",3258,2613,4061
"258","Haji Bunder Rd","50","C-19, Mugalsan Rd, Sector 20C, Sector 20, Airoli","3/1/2020 - 3/31/2020, Every day, Daily Average",2673,2274,3140
"258","Haji Bunder Rd","53","A-1, Royal Palms Rd, Passpoli, Goregaon East","3/1/2020 - 3/31/2020, Every day, Daily Average",3216,2636,3922
"258","Haji Bunder Rd","54","Mumbai - Agra National Hwy","3/1/2020 - 3/31/2020, Every day, Daily Average",1667,1359,2044
"258","Haji Bunder Rd","55","Garden Rose Colony Rd","3/1/2020 - 3/31/2020, Every day, Daily Average",1918,1441,2551
"258","Haji Bunder Rd","57","0, Sabarigiri","3/1/2020 - 3/31/2020, Every day, Daily Average",1497,1106,2025
"258","Haji Bunder Rd","58","Bhiwandi - Murbad Rd","3/1/2020 - 3/31/2020, Every day, Daily Average",4608,3775,5623
"258","Haji Bunder Rd","59","WING-B","3/1/2020 - 3/31/2020, Every day, Daily Average",2701,2165,3369
"258","Haji Bunder Rd","60","Baul Pals Chawl","3/1/2020 - 3/31/2020, Every day, Daily Average",3035,2341,3934
"258","Haji Bunder Rd","61","G-4, Railway Station Rd, Sector 7, Sanpada","3/1/2020 - 3/31/2020, Every day, Daily Average",2323,1887,2858
"258","Haji Bunder Rd","62","Kalyan - Shilphata Rd","3/1/2020 - 3/31/2020, Every day, Daily Average",4432,3440,5709
"258","Haji Bunder Rd","63","C-1","3/1/2020 - 3/31/2020, Every day, Daily Average",1514,1172,1955
"258","Haji Bunder Rd","67","Vijay Appartments III","3/1/2020 - 3/31/2020, Every day, Daily Average",3291,2623,4128
"258","Haji Bunder Rd","69","0, HP Nagar","3/1/2020 - 3/31/2020, Every day, Daily Average",589,459,754
"258","Haji Bunder Rd","70","Roob Rd","3/1/2020 - 3/31/2020, Every day, Daily Average",1607,1285,2008
"258","Haji Bunder Rd","71","400, Sonawala Rd, Sonawala Industry Estate, Goregaon East","3/1/2020 - 3/31/2020, Every day, Daily Average",2924,2227,3838
"258","Haji Bunder Rd","73","0-C, Western Express Hwy, Salsette Parsi Colony, Parsi Colony, Jogeshwari East","3/1/2020 - 3/31/2020, Every day, Daily Average",2509,1933,3256
"258","Haji Bunder Rd","75","Linkway Estate","3/1/2020 - 3/31/2020, Every day, Daily Average",3732,2807,4960
"258","Haji Bunder Rd","76","Station Rd","3/1/2020 - 3/31/2020, Every day, Daily Average",3595,2892,4467
"258","Haji Bunder Rd","78","Seawoods Station Rd","3/1/2020 - 3/31/2020, Every day, Daily Average",2496,1983,3140
"258","Haji Bunder Rd","79","300, Lamington Rd, Grant Road East, Shapur Baug, Girgaon","3/1/2020 - 3/31/2020, Every day, Daily Average",1308,890,1921
"258","Haji Bunder Rd","80","200-B, Lal Bahadur Shastri Marg, Sonapur, Bhandup West","3/1/2020 - 3/31/2020, Every day, Daily Average",2358,1900,2924
"258","Haji Bunder Rd","81","Kalyan Railway Officer's Resthouse ORH","3/1/2020 - 3/31/2020, Every day, Daily Average",5761,4457,7446
"258","Haji Bunder Rd","83","Walchand Hirachand Marg","3/1/2020 - 3/31/2020, Every day, Daily Average",772,509,1169
"258","Haji Bunder Rd","84","500, JP Road, Sahayog Society, Azad Nagar, Andheri West","3/1/2020 - 3/31/2020, Every day, Daily Average",3269,2440,4377
"258","Haji Bunder Rd","85","0, 5th Ln, Union Park, Pali Hill","3/1/2020 - 3/31/2020, Every day, Daily Average",2665,2112,3361
"258","Haji Bunder Rd","86","200-A","3/1/2020 - 3/31/2020, Every day, Daily Average",2468,1872,3252
"258","Haji Bunder Rd","87","C 537, Pawane Village Rd, T.T.C. Industrial Area, MIDC Industrial Area, Pawne","3/1/2020 - 3/31/2020, Every day, Daily Average",2543,2078,3111
"258","Haji Bunder Rd","88","600, DP Rd, Nahar Amrit Shakti, Chandivali, Powai","3/1/2020 - 3/31/2020, Every day, Daily Average",2179,1690,2807
"258","Haji Bunder Rd","89","Plot No.456, Takka Rd, Takka Colony, Panvel Old","3/1/2020 - 3/31/2020, Every day, Daily Average",3653,2961,4506
"258","Haji Bunder Rd","92","B/10, VL Pednekar Marg, Police Colony, Naigaon","3/1/2020 - 3/31/2020, Every day, Daily Average",1516,952,2412
"258","Haji Bunder Rd","93","Pranjali","3/1/2020 - 3/31/2020, Every day, Daily Average",2439,1950,3049
"258","Haji Bunder Rd","94","Tiwari Chawl","3/1/2020 - 3/31/2020, Every day, Daily Average",4854,3563,6610
"258","Haji Bunder Rd","95","0, Kolshet Rd, Kolshet Industrial Area, Thane West","3/1/2020 - 3/31/2020, Every day, Daily Average",3480,2772,4367
"258","Haji Bunder Rd","96","Shil Phata - Mahape Rd","3/1/2020 - 3/31/2020, Every day, Daily Average",2915,2369,3585
"258","Haji Bunder Rd","100","RL-140, Kalyan Rd, Milap Nagar, Dombivli East","3/1/2020 - 3/31/2020, Every day, Daily Average",5080,3969,6500
"258","Haji Bunder Rd","102","Sachdeva Building","3/1/2020 - 3/31/2020, Every day, Daily Average",2396,1893,3031
"258","Haji Bunder Rd","106","Kopra Rd","3/1/2020 - 3/31/2020, Every day, Daily Average",2798,2261,3461
"258","Haji Bunder Rd","107","0, Triveni Society","3/1/2020 - 3/31/2020, Every day, Daily Average",3707,3131,4388
"258","Haji Bunder Rd","108","R.B.I Branch","3/1/2020 - 3/31/2020, Every day, Daily Average",1471,1035,2090
"258","Haji Bunder Rd","109","0, Versova Beach Road, Aram Nagar, Versova, Andheri West","3/1/2020 - 3/31/2020, Every day, Daily Average",3546,2818,4461
"258","Haji Bunder Rd","110","Estrella","3/1/2020 - 3/31/2020, Every day, Daily Average",2342,1835,2988
"258","Haji Bunder Rd","112","NP-11","3/1/2020 - 3/31/2020, Every day, Daily Average",2302,1762,3005
"258","Haji Bunder Rd","113","Bholenath Nagar St","3/1/2020 - 3/31/2020, Every day, Daily Average",3721,2991,4628
"258","Haji Bunder Rd","114","200, Rd Number 31, Namdev Koli Marg, Sion","3/1/2020 - 3/31/2020, Every day, Daily Average",1262,912,1746
"258","Haji Bunder Rd","115","Eco Vista","3/1/2020 - 3/31/2020, Every day, Daily Average",3481,2757,4394
"258","Haji Bunder Rd","116","Gagangiri Maharaj Marg","3/1/2020 - 3/31/2020, Every day, Daily Average",2971,2359,3741
"258","Haji Bunder Rd","117","100-a, A Gandhi Marg, Vadgadi, Masjid Bandar West, Masjid Bandar","3/1/2020 - 3/31/2020, Every day, Daily Average",353,245,508
"258","Haji Bunder Rd","118","B-101, Lokhandwala Rd, Lokhandwala Twp, Kandivali East","3/1/2020 - 3/31/2020, Every day, Daily Average",4235,3127,5734
"258","Haji Bunder Rd","119","0, Palm Beach Rd, Sector 19C, Sector 15, Vashi","3/1/2020 - 3/31/2020, Every day, Daily Average",2234,1732,2880
"258","Haji Bunder Rd","120","0, Nanabhai Moos Marg, Navy Nagar, Colaba","3/1/2020 - 3/31/2020, Every day, Daily Average",1621,1257,2089
"258","Haji Bunder Rd","122","Plot 9","3/1/2020 - 3/31/2020, Every day, Daily Average",3697,2995,4562
"258","Haji Bunder Rd","123","0, 1st Ln, MSEB Colony, Santacruz West","3/1/2020 - 3/31/2020, Every day, Daily Average",2055,1560,2706
"258","Haji Bunder Rd","124","0, Tokershi Jivraj Rd, Shivaji Nagar, Parel","3/1/2020 - 3/31/2020, Every day, Daily Average",178,126,250
"258","Haji Bunder Rd","125","A157-B, Chandivali Rd, Muranjan Wadi, Chandivali, Powai","3/1/2020 - 3/31/2020, Every day, Daily Average",2886,2232,3730
"258","Haji Bunder Rd","127","Pilot Bandar Rd","3/1/2020 - 3/31/2020, Every day, Daily Average",1455,1045,2025
"258","Haji Bunder Rd","128","0-27, Bimbisar Nagar Rd, Bimbisar Nagar, Goregaon East","3/1/2020 - 3/31/2020, Every day, Daily Average",2702,2076,3515
"258","Haji Bunder Rd","129","0-2","3/1/2020 - 3/31/2020, Every day, Daily Average",2426,1954,3011
"258","Haji Bunder Rd","130","Shri Pundalik Mahadu Patil Marg","3/1/2020 - 3/31/2020, Every day, Daily Average",2170,1724,2730
"258","Haji Bunder Rd","132","Pushpak Apartments","3/1/2020 - 3/31/2020, Every day, Daily Average",1532,1114,2105
"258","Haji Bunder Rd","133","148B, Juhu Tara Rd, Airport Area, Juhu","3/1/2020 - 3/31/2020, Every day, Daily Average",3275,2557,4193
"258","Haji Bunder Rd","134","Sai Baba Nagar Ln","3/1/2020 - 3/31/2020, Every day, Daily Average",4316,3227,5772
"258","Haji Bunder Rd","135","M/5, Best Colony Rd, Anand Nagar, Andheri West","3/1/2020 - 3/31/2020, Every day, Daily Average",3801,2978,4850
"258","Haji Bunder Rd","136","Vit Bhatti Ram Yadav Chawl","3/1/2020 - 3/31/2020, Every day, Daily Average",3086,2336,4076
"258","Haji Bunder Rd","137","SV Rd","3/1/2020 - 3/31/2020, Every day, Daily Average",4315,3308,5628
"258","Haji Bunder Rd","138","Building 21","3/1/2020 - 3/31/2020, Every day, Daily Average",558,429,724
"258","Haji Bunder Rd","139","300, Swatantrya Veer Sawarkar Marg, Chandrakant Dhuru Wadi, Dadar","3/1/2020 - 3/31/2020, Every day, Daily Average",1617,1196,2185
"258","Haji Bunder Rd","141","C-104, MH SH 35, Bangar Nagar, Rajlaxmi Complex, Kalher","3/1/2020 - 3/31/2020, Every day, Daily Average",3760,2956,4781
"258","Haji Bunder Rd","142","Rd Number 1, Pandurang Wadi, Goregaon West","3/1/2020 - 3/31/2020, Every day, Daily Average",3273,2469,4337
"258","Haji Bunder Rd","143","A-11, Sarojini Naidu Rd, Tambe Nagar, Ashok Nagar, Mulund West","3/1/2020 - 3/31/2020, Every day, Daily Average",2576,2079,3190
"258","Haji Bunder Rd","144","0, Ghodbunder Rd, Ghodbander Village, Ghodbunder","3/1/2020 - 3/31/2020, Every day, Daily Average",5148,4053,6537
"258","Haji Bunder Rd","146","WING A, Mohan Gokhale Rd, Yashodham, Goregaon East","3/1/2020 - 3/31/2020, Every day, Daily Average",3555,2728,4631
"258","Haji Bunder Rd","147","A-35, Rd Number 16, Tilak Nagar, Goregaon West","3/1/2020 - 3/31/2020, Every day, Daily Average",3221,2471,4197
"258","Haji Bunder Rd","148","67100, Chahu Bhiva Marg, Kharegaon, Kalwa","3/1/2020 - 3/31/2020, Every day, Daily Average",2872,2250,3664
"258","Haji Bunder Rd","149","I -2","3/1/2020 - 3/31/2020, Every day, Daily Average",1239,987,1554
"258","Haji Bunder Rd","151","Seawoods Estates Road","3/1/2020 - 3/31/2020, Every day, Daily Average",2683,2171,3314
"258","Haji Bunder Rd","152","Vaibhav CHS","3/1/2020 - 3/31/2020, Every day, Daily Average",2409,1919,3024
"258","Haji Bunder Rd","154","0, Airoli Knowledge Park Road, MSEB Staff Colony, TTC Industrial Area, Airoli","3/1/2020 - 3/31/2020, Every day, Daily Average",2890,2451,3406
"258","Haji Bunder Rd","155","Gopal Apartment B-Wing","3/1/2020 - 3/31/2020, Every day, Daily Average",3449,2626,4528
"258","Haji Bunder Rd","156","Sindhu Co Op Housing Society","3/1/2020 - 3/31/2020, Every day, Daily Average",2489,1939,3194
"258","Haji Bunder Rd","157","0, Shankheshwar Rd, Kanchangoan, Dombivli East","3/1/2020 - 3/31/2020, Every day, Daily Average",5562,4364,7088
"258","Haji Bunder Rd","158","Maratha Samaj","3/1/2020 - 3/31/2020, Every day, Daily Average",1341,823,2182
"258","Haji Bunder Rd","159","0, Sahar Rd, Andheri East","3/1/2020 - 3/31/2020, Every day, Daily Average",2485,1912,3228
"258","Haji Bunder Rd","161","Anthony Church Rd","3/1/2020 - 3/31/2020, Every day, Daily Average",2980,2274,3904
"258","Haji Bunder Rd","162","X-3","3/1/2020 - 3/31/2020, Every day, Daily Average",1731,1319,2270
"258","Haji Bunder Rd","163","0-A","3/1/2020 - 3/31/2020, Every day, Daily Average",734,556,967
"258","Haji Bunder Rd","165","Jalaram Jyot CHS","3/1/2020 - 3/31/2020, Every day, Daily Average",3088,2540,3752
"258","Haji Bunder Rd","166","Akashdeep Service Rd","3/1/2020 - 3/31/2020, Every day, Daily Average",1596,1214,2096
"258","Haji Bunder Rd","167","0/1","3/1/2020 - 3/31/2020, Every day, Daily Average",2434,1830,3236
"258","Haji Bunder Rd","168","0, Sector 8A","3/1/2020 - 3/31/2020, Every day, Daily Average",2800,2258,3471
"258","Haji Bunder Rd","169","Dapoli Targarh Road","3/1/2020 - 3/31/2020, Every day, Daily Average",2804,2282,3445
"258","Haji Bunder Rd","170","0/B, Juhu Tara Rd, Chandrabai Nagar, Juhu","3/1/2020 - 3/31/2020, Every day, Daily Average",3300,2587,4208
"258","Haji Bunder Rd","171","Jogeshwari - Vikhroli Link Rd","3/1/2020 - 3/31/2020, Every day, Daily Average",1614,1312,1984
"258","Haji Bunder Rd","173","Mumbai - Agra National Hwy","3/1/2020 - 3/31/2020, Every day, Daily Average",3075,2486,3802
"258","Haji Bunder Rd","178","0-A, Rd Number 3, Govandi West, Phase 1, Shivaji Nagar","3/1/2020 - 3/31/2020, Every day, Daily Average",1266,944,1697
"258","Haji Bunder Rd","179","Mumbai - Pune Expy","3/1/2020 - 3/31/2020, Every day, Daily Average",3116,2596,3739
"258","Haji Bunder Rd","180","Bhikanji Damaji Patil Marg","3/1/2020 - 3/31/2020, Every day, Daily Average",794,584,1078
"258","Haji Bunder Rd","181","A-8, Shanti Gardens Rd, New Shree Krishna Garden, Sector 2, Srishti Complex, Mira Road East","3/1/2020 - 3/31/2020, Every day, Daily Average",4452,3440,5761
"258","Haji Bunder Rd","182","12KBC","3/1/2020 - 3/31/2020, Every day, Daily Average",1189,953,1482
"258","Haji Bunder Rd","183","Ma-Krupa Apartment, Shimpoli Road, Gautam Nagar, Borivali West","3/1/2020 - 3/31/2020, Every day, Daily Average",4232,3177,5636
"258","Haji Bunder Rd","184","P-17","3/1/2020 - 3/31/2020, Every day, Daily Average",2308,1835,2901
"258","Haji Bunder Rd","185","100, Sona Enterprises Colony","3/1/2020 - 3/31/2020, Every day, Daily Average",1523,1233,1880
"258","Haji Bunder Rd","186","0, Saki Vihar Rd, Raje Sambhaji Nagar, Marol, Andheri East","3/1/2020 - 3/31/2020, Every day, Daily Average",2642,2089,3339
"258","Haji Bunder Rd","187","0, Colaba Causeway, Cuffe Parade","3/1/2020 - 3/31/2020, Every day, Daily Average",1310,940,1825
"258","Haji Bunder Rd","188","Casa Bella Road","3/1/2020 - 3/31/2020, Every day, Daily Average",4182,3249,5381
"258","Haji Bunder Rd","189","300, Lady Jamshedji Rd, Opp.Victoria School, New Dinkar Co Operative Housing Society, Mahim","3/1/2020 - 3/31/2020, Every day, Daily Average",1832,1361,2465
"258","Haji Bunder Rd","190","0, Lal Bahadur Shastri Marg, HMPL Surya Nagar, Vikhroli West","3/1/2020 - 3/31/2020, Every day, Daily Average",2024,1511,2710
"258","Haji Bunder Rd","191","0-713, Bandra - Worli Sea Link, Worli Sea Face, Worli","3/1/2020 - 3/31/2020, Every day, Daily Average",2804,1780,4415
"258","Haji Bunder Rd","192","0, Sai Baba Mandir Marg, Anand Vihar Complex, Mafatlal Colony, Kalwa","3/1/2020 - 3/31/2020, Every day, Daily Average",2913,2291,3702
"258","Haji Bunder Rd","193","0-1A","3/1/2020 - 3/31/2020, Every day, Daily Average",2454,2024,2975
"258","Haji Bunder Rd","194","Road Number 15","3/1/2020 - 3/31/2020, Every day, Daily Average",1410,1108,1793
"258","Haji Bunder Rd","195","500, Lakshmi Darshan","3/1/2020 - 3/31/2020, Every day, Daily Average",3292,2563,4228
"258","Haji Bunder Rd","196","0, Mindspace","3/1/2020 - 3/31/2020, Every day, Daily Average",4210,3115,5689
"258","Haji Bunder Rd","197","C-104, Pune Link Rd, Tisgao Naka, Santosh Nagar","3/1/2020 - 3/31/2020, Every day, Daily Average",5945,4681,7549
"258","Haji Bunder Rd","198","A-6, Mulund Goregaon Link Rd, Sanjay Gandhi National Park, Borivali East","3/1/2020 - 3/31/2020, Every day, Daily Average",2572,2176,3039
"258","Haji Bunder Rd","199","0, Bhandup Village Rd, Nahur, Industrial Area, Bhandup West","3/1/2020 - 3/31/2020, Every day, Daily Average",2173,1751,2695
"258","Haji Bunder Rd","203","0, Khairne Gaonthan Rd, Bonkode, Sector 12D, Sector 12, Kopar Khairane","3/1/2020 - 3/31/2020, Every day, Daily Average",2574,2045,3238
"258","Haji Bunder Rd","204","Maharashtra District Road 6","3/1/2020 - 3/31/2020, Every day, Daily Average",3040,2500,3695
"258","Haji Bunder Rd","205","0/4, Reti Bander Cross Rd, Reti Bunder, Mothagaon, Dombivli West","3/1/2020 - 3/31/2020, Every day, Daily Average",6068,4698,7837
"258","Haji Bunder Rd","207","Ram Nivas","3/1/2020 - 3/31/2020, Every day, Daily Average",2607,1719,3952
"258","Haji Bunder Rd","208","200, Friends Colony","3/1/2020 - 3/31/2020, Every day, Daily Average",1480,1137,1925
"258","Haji Bunder Rd","209","WING D, Palm Beach Rd, Sector 4, Sarsole","3/1/2020 - 3/31/2020, Every day, Daily Average",2267,1786,2876
"258","Haji Bunder Rd","210","0, C Buddha Vihar Marg, Dalal Estate, Kamathipura","3/1/2020 - 3/31/2020, Every day, Daily Average",977,685,1391
"258","Haji Bunder Rd","211","0-192, Panjrapol Rte, Marine Lines East, Gulal Wadi, Bhuleshwar","3/1/2020 - 3/31/2020, Every day, Daily Average",898,586,1374
"258","Haji Bunder Rd","213","Kalyan - Shilphata Rd","3/1/2020 - 3/31/2020, Every day, Daily Average",4326,3348,5588
"258","Haji Bunder Rd","214","Sai Saburi Co Operative Housing Society","3/1/2020 - 3/31/2020, Every day, Daily Average",2443,2004,2977
"258","Haji Bunder Rd","215","0, Veena Sitar","3/1/2020 - 3/31/2020, Every day, Daily Average",4371,3466,5511
"258","Haji Bunder Rd","217","Dropadi Amrut","3/1/2020 - 3/31/2020, Every day, Daily Average",2670,2117,3366
"258","Haji Bunder Rd","220","Utsav Chowk - CISF Rd","3/1/2020 - 3/31/2020, Every day, Daily Average",3328,2785,3975
"258","Haji Bunder Rd","221","Kalyan - Badlapur Rd","3/1/2020 - 3/31/2020, Every day, Daily Average",6048,5016,7292
"258","Haji Bunder Rd","224","0, Sai Nagar","3/1/2020 - 3/31/2020, Every day, Daily Average",2277,1735,2987
"258","Haji Bunder Rd","225","100, Senapati Bapat Marg, Mahalaxmi Sindhi Colony, Matunga West","3/1/2020 - 3/31/2020, Every day, Daily Average",1381,967,1971
"258","Haji Bunder Rd","226","0, Ganesh Nagar","3/1/2020 - 3/31/2020, Every day, Daily Average",2951,2317,3757
"258","Haji Bunder Rd","228","A-101","3/1/2020 - 3/31/2020, Every day, Daily Average",3945,3201,4861
"258","Haji Bunder Rd","230","Shatrunjay Darshan","3/1/2020 - 3/31/2020, Every day, Daily Average",843,573,1238
"258","Haji Bunder Rd","231","Corridor Rd","3/1/2020 - 3/31/2020, Every day, Daily Average",1026,857,1226
"258","Haji Bunder Rd","232","Andheri - Ghatkopar Rd","3/1/2020 - 3/31/2020, Every day, Daily Average",2440,1893,3144
"258","Haji Bunder Rd","233","Mumbai - Pune Expy","3/1/2020 - 3/31/2020, Every day, Daily Average",3102,2576,3734
"258","Haji Bunder Rd","234","AL-5/32, Mugalsan Rd, Sector 17, Airoli","3/1/2020 - 3/31/2020, Every day, Daily Average",2441,2042,2917
"258","Haji Bunder Rd","235","Golibar Rd","3/1/2020 - 3/31/2020, Every day, Daily Average",3913,3095,4945
"258","Haji Bunder Rd","236","SG Barve Rd","3/1/2020 - 3/31/2020, Every day, Daily Average",2875,2253,3668
"258","Haji Bunder Rd","237","D-21A","3/1/2020 - 3/31/2020, Every day, Daily Average",2549,2079,3124
"258","Haji Bunder Rd","238","B-16, MH SH 35, Saikrupa, Purna","3/1/2020 - 3/31/2020, Every day, Daily Average",3958,3234,4842
"258","Haji Bunder Rd","239","Tower B","3/1/2020 - 3/31/2020, Every day, Daily Average",1589,1006,2508
"258","Haji Bunder Rd","240","Qadri Road","3/1/2020 - 3/31/2020, Every day, Daily Average",1530,1201,1947
"258","Haji Bunder Rd","241","Bandar Rd","3/1/2020 - 3/31/2020, Every day, Daily Average",3669,2914,4619
"258","Haji Bunder Rd","242","0, Jasmine Mill Rd, kamla Nagar, Shammi Nagar, Mahim","3/1/2020 - 3/31/2020, Every day, Daily Average",1769,1364,2293
"258","Haji Bunder Rd","244","Manpada Rd","3/1/2020 - 3/31/2020, Every day, Daily Average",4681,3631,6033
"258","Haji Bunder Rd","245","600, Dhobhi Ghat, Anand Nagar, Vakola, Santacruz East","3/1/2020 - 3/31/2020, Every day, Daily Average",1941,1487,2532
"258","Haji Bunder Rd","246","K-157, Devidas Rd, Borivali West","3/1/2020 - 3/31/2020, Every day, Daily Average",4402,3409,5684
"258","Haji Bunder Rd","247","B-1, Eastern Express Hwy, Navghar, Mulund East","3/1/2020 - 3/31/2020, Every day, Daily Average",1930,1567,2376
"258","Haji Bunder Rd","248","Sagar Vihar Marg","3/1/2020 - 3/31/2020, Every day, Daily Average",1844,1426,2384
"258","Haji Bunder Rd","249","0, Ashok Samrat Rd, ATI Staff CHS, Chunabhatti, Sion","3/1/2020 - 3/31/2020, Every day, Daily Average",1150,851,1552
"258","Haji Bunder Rd","250","Sandesh Building","3/1/2020 - 3/31/2020, Every day, Daily Average",140,96,204
"258","Haji Bunder Rd","253","Indira Apartments","3/1/2020 - 3/31/2020, Every day, Daily Average",839,623,1129
"258","Haji Bunder Rd","254","Metallurgical Engineering and Material Science Depatment","3/1/2020 - 3/31/2020, Every day, Daily Average",1952,1595,2387
"258","Haji Bunder Rd","255","0-11, Military Rd, Sankasth Pada Welfare Society, Raje Shivaji Nagar, Marol, Andheri East","3/1/2020 - 3/31/2020, Every day, Daily Average",3162,2433,4108
"258","Haji Bunder Rd","256","Puranik Rumah Bali Internal Road","3/1/2020 - 3/31/2020, Every day, Daily Average",3872,3054,4908
"258","Haji Bunder Rd","257","Nilaje Station Road","3/1/2020 - 3/31/2020, Every day, Daily Average",4059,3433,4797
"258","Haji Bunder Rd","259","Hermitage Housing Society Rd","3/1/2020 - 3/31/2020, Every day, Daily Average",4355,3345,5668
"258","Haji Bunder Rd","260","Mulund - Airoli Rd","3/1/2020 - 3/31/2020, Every day, Daily Average",2285,1866,2797
"258","Haji Bunder Rd","261","0, Shanti Road, Juhu Tara, Juhu","3/1/2020 - 3/31/2020, Every day, Daily Average",3186,2473,4103
"258","Haji Bunder Rd","262","100, Belapur Rd, Sector 11, CBD Belapur","3/1/2020 - 3/31/2020, Every day, Daily Average",2573,2060,3212
"258","Haji Bunder Rd","263","Litoliar Chamber","3/1/2020 - 3/31/2020, Every day, Daily Average",2878,2233,3709
"258","Haji Bunder Rd","264","H R Mahajani Marg","3/1/2020 - 3/31/2020, Every day, Daily Average",857,621,1180
"258","Haji Bunder Rd","265","500, Food Corporation of India Warehouse","3/1/2020 - 3/31/2020, Every day, Daily Average",3759,2817,5015
"258","Haji Bunder Rd","267","Bldg#22 Riverwood Park","3/1/2020 - 3/31/2020, Every day, Daily Average",4005,3125,5131
"258","Haji Bunder Rd","268","NH48","3/1/2020 - 3/31/2020, Every day, Daily Average",5126,4014,6545
"258","Haji Bunder Rd","269","0, Lokmanya Tilak Marg, Lohar Chawl, Kalbadevi","3/1/2020 - 3/31/2020, Every day, Daily Average",612,422,886
"258","Haji Bunder Rd","270","Shil Phata - Mahape Rd","3/1/2020 - 3/31/2020, Every day, Daily Average",3186,2594,3912
"258","Haji Bunder Rd","272","Chembur Castle","3/1/2020 - 3/31/2020, Every day, Daily Average",942,696,1273
"258","Haji Bunder Rd","273","0, Thane - Belapur Rd, MIDC INDL Area, Airoli","3/1/2020 - 3/31/2020, Every day, Daily Average",2720,2186,3384
"258","Haji Bunder Rd","277","0, Santoshi Mata Mandir Marg, Sector 3, Ghansoli","3/1/2020 - 3/31/2020, Every day, Daily Average",2763,2107,3623
"258","Haji Bunder Rd","278","Plot No -57, Main Rd, Sector 6A, Kamothe, Panvel","3/1/2020 - 3/31/2020, Every day, Daily Average",2941,2374,3643
"258","Haji Bunder Rd","279","Wadeghar Main Road","3/1/2020 - 3/31/2020, Every day, Daily Average",4956,4019,6110
"258","Haji Bunder Rd","280","500, Swatantrya Veer Sawarkar Marg, Prabhadevi","3/1/2020 - 3/31/2020, Every day, Daily Average",2223,1528,3233
"258","Haji Bunder Rd","281","Gaimukh Mandir","3/1/2020 - 3/31/2020, Every day, Daily Average",4131,3277,5206
"258","Haji Bunder Rd","283","0, Khan Abdul Gaffar Khan Road, Dairy Colony, Worli","3/1/2020 - 3/31/2020, Every day, Daily Average",2165,1515,3093
"258","Haji Bunder Rd","286","Unnamed Road","3/1/2020 - 3/31/2020, Every day, Daily Average",4451,3675,5389
"258","Haji Bunder Rd","288","Unnamed Road","3/1/2020 - 3/31/2020, Every day, Daily Average",4612,3642,5839
"258","Haji Bunder Rd","289","SP Road","3/1/2020 - 3/31/2020, Every day, Daily Average",4005,3053,5252
"258","Haji Bunder Rd","290","0, Atmaram Sawant Rd, Ashok Nagar, Kandivali East","3/1/2020 - 3/31/2020, Every day, Daily Average",3476,2600,4646
"258","Haji Bunder Rd","291","0, Panvel Matheran Rd, Mangaldeep Society, Sukapur, New Panvel East, Panvel","3/1/2020 - 3/31/2020, Every day, Daily Average",3094,2541,3766
"258","Haji Bunder Rd","292","omkar krishna park plot no 106","3/1/2020 - 3/31/2020, Every day, Daily Average",3168,2639,3801
"258","Haji Bunder Rd","295","0, Navpada","3/1/2020 - 3/31/2020, Every day, Daily Average",3052,2381,3911
"258","Haji Bunder Rd","296","Port Trust Rd","3/1/2020 - 3/31/2020, Every day, Daily Average",1030,811,1307
"258","Haji Bunder Rd","298","Siddique Complex Road","3/1/2020 - 3/31/2020, Every day, Daily Average",3839,2996,4919
"258","Haji Bunder Rd","300","100, Barrister Nath Pai Marg, Sewari East, Naralwadi, Sewri","3/1/2020 - 3/31/2020, Every day, Daily Average",89,46,171
"258","Haji Bunder Rd","301","0, Mankhurd West","3/1/2020 - 3/31/2020, Every day, Daily Average",1315,973,1775
"258","Haji Bunder Rd","302","Ganesh Darshan Co Operative Housing Society","3/1/2020 - 3/31/2020, Every day, Daily Average",591,370,942
"258","Haji Bunder Rd","303","Marine Dr","3/1/2020 - 3/31/2020, Every day, Daily Average",1146,835,1571
"258","Haji Bunder Rd","304","Vikas Building","3/1/2020 - 3/31/2020, Every day, Daily Average",842,588,1204
"258","Haji Bunder Rd","305","Eid Gah Rd","3/1/2020 - 3/31/2020, Every day, Daily Average",5580,4406,7065
"258","Haji Bunder Rd","308","Sandeep Bhoir Road","3/1/2020 - 3/31/2020, Every day, Daily Average",3897,3035,5003
"258","Haji Bunder Rd","309","1st Pasta Ln, Cusrow Baug Colony, Apollo Bandar, Colaba","3/1/2020 - 3/31/2020, Every day, Daily Average",1190,865,1637
"258","Haji Bunder Rd","311","0/19, AK Nayak Marg, Azad Maidan, Fort","3/1/2020 - 3/31/2020, Every day, Daily Average",635,434,927
"258","Haji Bunder Rd","312","CMS Info Systems","3/1/2020 - 3/31/2020, Every day, Daily Average",2779,2253,3426
"258","Haji Bunder Rd","313","0, Balasaheb Sawant Rd, Gharkul Society, Ratan Nagar, Four Bungalows, Andheri West","3/1/2020 - 3/31/2020, Every day, Daily Average",3587,2770,4643
"258","Haji Bunder Rd","314","A-1, Gokul Towers Rd, Dattani Park, Thakur Village, Kandivali East","3/1/2020 - 3/31/2020, Every day, Daily Average",3654,2721,4906
"258","Haji Bunder Rd","315","0 & 3B, Pipe Line Rd, Kailash Nagar, Morarji Nagar, Powai","3/1/2020 - 3/31/2020, Every day, Daily Average",2776,2181,3531
"258","Haji Bunder Rd","316","Dadwala Cooperative Society","3/1/2020 - 3/31/2020, Every day, Daily Average",1165,838,1618
"258","Haji Bunder Rd","317","DAKC Rd","3/1/2020 - 3/31/2020, Every day, Daily Average",2697,2197,3310
"258","Haji Bunder Rd","318","Diva Shil Rd","3/1/2020 - 3/31/2020, Every day, Daily Average",3630,2847,4627
"258","Haji Bunder Rd","320","0, Ghodbunder Rd, Dongripada, Thane West","3/1/2020 - 3/31/2020, Every day, Daily Average",3400,2701,4278
"258","Haji Bunder Rd","322","700, Sector 3 and 4 Main Rd, Sector 3, Kopar Khairane","3/1/2020 - 3/31/2020, Every day, Daily Average",2629,2072,3335
"258","Haji Bunder Rd","323","Palm Beach Rd","3/1/2020 - 3/31/2020, Every day, Daily Average",2561,2027,3234
"258","Haji Bunder Rd","324","Lake Side Rd","3/1/2020 - 3/31/2020, Every day, Daily Average",2196,1770,2724
"258","Haji Bunder Rd","325","Cotton Ave","3/1/2020 - 3/31/2020, Every day, Daily Average",76,54,106
"258","Haji Bunder Rd","326","B","3/1/2020 - 3/31/2020, Every day, Daily Average",3851,3044,4870
"258","Haji Bunder Rd","327","Plot No. 13, Mata Amritanandamayi Marg, Sector 22, Nerul","3/1/2020 - 3/31/2020, Every day, Daily Average",2595,2109,3191
"258","Haji Bunder Rd","328","Green Park Road","3/1/2020 - 3/31/2020, Every day, Daily Average",3381,2699,4235
"258","Haji Bunder Rd","329","Bhiwandi - Wada Rd","3/1/2020 - 3/31/2020, Every day, Daily Average",3399,2675,4318
"258","Haji Bunder Rd","330","Raj Kutir","3/1/2020 - 3/31/2020, Every day, Daily Average",1888,1463,2436
"258","Haji Bunder Rd","338","D-WING, Shailendra Vidyalay Marg, Shiv Shakti Complex, Borivali East","3/1/2020 - 3/31/2020, Every day, Daily Average",3951,2993,5214
"258","Haji Bunder Rd","340","100/A, Rd Number 2, Hanuman Nagar, Kannamwar Nagar I, Vikhroli East","3/1/2020 - 3/31/2020, Every day, Daily Average",1560,1264,1925
"258","Haji Bunder Rd","341","C-311, Pimpripada Rd, Pimpripada, Malad East","3/1/2020 - 3/31/2020, Every day, Daily Average",3859,2816,5287
"258","Haji Bunder Rd","342","Wing-B, Rajendra Kamble Rd, Siddharath Nagar, Vakola, Santacruz East","3/1/2020 - 3/31/2020, Every day, Daily Average",2238,1694,2955
"258","Haji Bunder Rd","343","500-B, Bhandup Village Rd, Subhash Nagar, Bhandup West","3/1/2020 - 3/31/2020, Every day, Daily Average",2587,2113,3166
"258","Haji Bunder Rd","344","Bhagya Shakha Bungalow","3/1/2020 - 3/31/2020, Every day, Daily Average",3479,2775,4360
"258","Haji Bunder Rd","345","Maharastra Rd","3/1/2020 - 3/31/2020, Every day, Daily Average",1923,1435,2575
"258","Haji Bunder Rd","346","Ghodbunder Rd","3/1/2020 - 3/31/2020, Every day, Daily Average",4526,3608,5676
"258","Haji Bunder Rd","347","F-9, Bipex Rd, Simplex, Sector 5, Jijamata Nagar, Sector 7, Ghansoli","3/1/2020 - 3/31/2020, Every day, Daily Average",2880,2308,3593
"258","Haji Bunder Rd","348","300, 7, Mumbai - Pune Expy, Sector 4B, Asudgaon, Khanda Colony, Panvel","3/1/2020 - 3/31/2020, Every day, Daily Average",3049,2482,3745
"258","Haji Bunder Rd","350","200, Khot Kuwa Rd, Malkani Estate, Kasam Baug, Malad East","3/1/2020 - 3/31/2020, Every day, Daily Average",3262,2455,4333
"258","Haji Bunder Rd","351","Airside Rd","3/1/2020 - 3/31/2020, Every day, Daily Average",2164,1638,2858
"258","Haji Bunder Rd","352","Shop No.11/12, Shivaji Rd, Old Panvel, Panvel","3/1/2020 - 3/31/2020, Every day, Daily Average",3550,2867,4395
"258","Haji Bunder Rd","353","Ghodbunder Rd","3/1/2020 - 3/31/2020, Every day, Daily Average",4830,3807,6127
"258","Haji Bunder Rd","354","0, Western Express Hwy, Mashachapada, Mira Road East","3/1/2020 - 3/31/2020, Every day, Daily Average",5148,4059,6527
"258","Haji Bunder Rd","355","Sharda Prem CHS","3/1/2020 - 3/31/2020, Every day, Daily Average",2288,1806,2897
"258","Haji Bunder Rd","356","B3","3/1/2020 - 3/31/2020, Every day, Daily Average",3087,2422,3933
"258","Haji Bunder Rd","357","0, Mahakali Caves Rd, Chakala, Andheri East","3/1/2020 - 3/31/2020, Every day, Daily Average",2453,1876,3206
"258","Haji Bunder Rd","360","Shree Swami Samarth Marg","3/1/2020 - 3/31/2020, Every day, Daily Average",2796,2204,3546
"258","Haji Bunder Rd","361","Mumbai - Agra National Hwy","3/1/2020 - 3/31/2020, Every day, Daily Average",3256,2648,4002
"258","Haji Bunder Rd","362","Jeevanprabha Soc.","3/1/2020 - 3/31/2020, Every day, Daily Average",4773,3740,6090
"258","Haji Bunder Rd","363","H-7, Kusumargraj Marg, Tulsi Dham, Samata Nagar, Thane West","3/1/2020 - 3/31/2020, Every day, Daily Average",2618,2036,3365
"258","Haji Bunder Rd","364","Sant Namdev Rd","3/1/2020 - 3/31/2020, Every day, Daily Average",5176,4029,6648
"258","Haji Bunder Rd","366","Narayan Dairy Road","3/1/2020 - 3/31/2020, Every day, Daily Average",2907,2335,3618
"258","Haji Bunder Rd","367","Ixora","3/1/2020 - 3/31/2020, Every day, Daily Average",3018,2392,3806
"258","Haji Bunder Rd","368","Sion - Panvel Expy","3/1/2020 - 3/31/2020, Every day, Daily Average",1397,1043,1870
"258","Haji Bunder Rd","369","Sai Sparsh CHS","3/1/2020 - 3/31/2020, Every day, Daily Average",2650,2143,3276
"258","Haji Bunder Rd","370","Lokmanya Tilak Terminus Flyover","3/1/2020 - 3/31/2020, Every day, Daily Average",1281,982,1669
"258","Haji Bunder Rd","371","Jari Mari Rd","3/1/2020 - 3/31/2020, Every day, Daily Average",2160,1748,2668
"258","Haji Bunder Rd","372","Panchsheel Co-operative Housing Society","3/1/2020 - 3/31/2020, Every day, Daily Average",5538,4439,6909
"258","Haji Bunder Rd","374","0, Ghodbunder Rd, Patlipada, Thane West","3/1/2020 - 3/31/2020, Every day, Daily Average",3223,2554,4066
"258","Haji Bunder Rd","376","Regency Estate","3/1/2020 - 3/31/2020, Every day, Daily Average",4882,3821,6236
"258","Haji Bunder Rd","377","Om Sai Apartment, Near Shree Krishna Temple, PO-Katemanivali, Chinchpada Rd, Chinchpada Gaon","3/1/2020 - 3/31/2020, Every day, Daily Average",6356,5163,7823
"258","Haji Bunder Rd","378","Hemant","3/1/2020 - 3/31/2020, Every day, Daily Average",1321,1005,1734
"258","Haji Bunder Rd","379","300, Rd No 9A, Chembur East","3/1/2020 - 3/31/2020, Every day, Daily Average",1184,889,1576
"258","Haji Bunder Rd","380","E10/21, Parasnath Complex Rd, Valpada, Dapode","3/1/2020 - 3/31/2020, Every day, Daily Average",3772,3044,4672
"258","Haji Bunder Rd","381","Railway Sports Ground Ln","3/1/2020 - 3/31/2020, Every day, Daily Average",1365,890,2092
"258","Haji Bunder Rd","382","200, Barrister Rajni Patel Marg, Nariman Point","3/1/2020 - 3/31/2020, Every day, Daily Average",1333,961,1847
"258","Haji Bunder Rd","383","Mumbra Bypass Rd","3/1/2020 - 3/31/2020, Every day, Daily Average",3054,2352,3964
"258","Haji Bunder Rd","384","0-A","3/1/2020 - 3/31/2020, Every day, Daily Average",3897,2954,5139
"258","Haji Bunder Rd","385","Unnamed Road","3/1/2020 - 3/31/2020, Every day, Daily Average",4578,3646,5747
"258","Haji Bunder Rd","386","Sonarpada Naka to Star Colony MIDC Rd","3/1/2020 - 3/31/2020, Every day, Daily Average",4796,3732,6162
"258","Haji Bunder Rd","387","Bandra - Worli Sea Link","3/1/2020 - 3/31/2020, Every day, Daily Average",2152,1531,3023
"258","Haji Bunder Rd","389","PM Kulkarni Rd","3/1/2020 - 3/31/2020, Every day, Daily Average",4577,3444,6081
"258","Haji Bunder Rd","391","Sion - Panvel Expy","3/1/2020 - 3/31/2020, Every day, Daily Average",1508,1139,1995
"258","Haji Bunder Rd","392","1C, Jagatguru Aadi Shankracharya Marg, Dr D Y Patil Vidyanagar, Sector 5, Nerul","3/1/2020 - 3/31/2020, Every day, Daily Average",2312,1848,2891
"258","Haji Bunder Rd","393","300-23, SB Patil Rd, Santa Cruz, Potohar Nagar, Santacruz West","3/1/2020 - 3/31/2020, Every day, Daily Average",2917,2315,3674
"258","Haji Bunder Rd","394","WING-B, Lal Bahadur Shastri Rd, Ambedkar Nagar, Kanjurmarg West, Bhandup West","3/1/2020 - 3/31/2020, Every day, Daily Average",1866,1484,2344
"258","Haji Bunder Rd","395","MHADA Colony 19, Powai","3/1/2020 - 3/31/2020, Every day, Daily Average",2371,1907,2947
"258","Haji Bunder Rd","397","E13","3/1/2020 - 3/31/2020, Every day, Daily Average",2116,1636,2736
"258","Haji Bunder Rd","398","0 To 24","3/1/2020 - 3/31/2020, Every day, Daily Average",2764,2149,3553
"258","Haji Bunder Rd","399","Gavdevi Mandir Rd","3/1/2020 - 3/31/2020, Every day, Daily Average",4707,3660,6053
"258","Haji Bunder Rd","400","Pranavanandji Marg","3/1/2020 - 3/31/2020, Every day, Daily Average",1957,1541,2484
"258","Haji Bunder Rd","401","Janta Market Rd, APMC Fruits and Vegetable Market, Sector 19, Turbhe","3/1/2020 - 3/31/2020, Every day, Daily Average",2229,1792,2772
"258","Haji Bunder Rd","402","0, Sion - Panvel Expy, Sector 30A, Vashi","3/1/2020 - 3/31/2020, Every day, Daily Average",1997,1576,2530
"258","Haji Bunder Rd","403","22A Shah, Off Veera Desai Rd, Industrial Area, Andheri West","3/1/2020 - 3/31/2020, Every day, Daily Average",3347,2527,4433
"258","Haji Bunder Rd","405","Usha Sadan Building","3/1/2020 - 3/31/2020, Every day, Daily Average",1365,990,1880
"258","Haji Bunder Rd","406","0, Air India Rd, Kolivery Village, Vidya Nagari, Indian Airlines Staff Colony 2, Santacruz East","3/1/2020 - 3/31/2020, Every day, Daily Average",1707,1300,2240
"258","Haji Bunder Rd","407","0, Sahyadri Nagar","3/1/2020 - 3/31/2020, Every day, Daily Average",4758,3663,6180
"258","Haji Bunder Rd","408","Mahankali Rd","3/1/2020 - 3/31/2020, Every day, Daily Average",4726,3566,6262
"258","Haji Bunder Rd","409","0, Roadpali","3/1/2020 - 3/31/2020, Every day, Daily Average",3269,2638,4049
"258","Haji Bunder Rd","410","WING-A, Bal Rajeshwar Marg, Govardhan Nagar, Mulund West","3/1/2020 - 3/31/2020, Every day, Daily Average",2866,2355,3487
"258","Haji Bunder Rd","412","0, Pipe Line Rd, Students' Residential Zone, IIT Area, Powai","3/1/2020 - 3/31/2020, Every day, Daily Average",2196,1756,2745
"258","Haji Bunder Rd","413","Raintree Marg","3/1/2020 - 3/31/2020, Every day, Daily Average",3188,2637,3853
"258","Haji Bunder Rd","414","E-101, IRB Rd, MHADA Colony 20, Powai","3/1/2020 - 3/31/2020, Every day, Daily Average",2551,2011,3234
"258","Haji Bunder Rd","415","R-340, Rd No 7, MIDC Industrial Area, Rabale","3/1/2020 - 3/31/2020, Every day, Daily Average",2890,2318,3602
"258","Haji Bunder Rd","416","Diva Shil Rd","3/1/2020 - 3/31/2020, Every day, Daily Average",3733,2927,4760
"258","Haji Bunder Rd","417","0, DP Rd, Swapna Nagari, Nirmal Nagar, Mulund West","3/1/2020 - 3/31/2020, Every day, Daily Average",2840,2363,3412
"258","Haji Bunder Rd","421","Sewri - Chembur Rd","3/1/2020 - 3/31/2020, Every day, Daily Average",478,344,662
"258","Haji Bunder Rd","422","0, Gupha Rd, Janata Colony, Jogeshwari East","3/1/2020 - 3/31/2020, Every day, Daily Average",2619,2017,3400
"258","Haji Bunder Rd","423","Kumkum Park Rd","3/1/2020 - 3/31/2020, Every day, Daily Average",2956,2373,3681
"258","Haji Bunder Rd","424","0-70, New Link Rd, Highland Park, Andheri West","3/1/2020 - 3/31/2020, Every day, Daily Average",3675,2881,4687
"258","Haji Bunder Rd","425","100, Sector 12","3/1/2020 - 3/31/2020, Every day, Daily Average",2321,1792,3004
"258","Haji Bunder Rd","426","SANT","3/1/2020 - 3/31/2020, Every day, Daily Average",1252,949,1650
"258","Haji Bunder Rd","427","Electrosoft Rd","3/1/2020 - 3/31/2020, Every day, Daily Average",3528,2799,4446
"258","Haji Bunder Rd","428","Central Rd N","3/1/2020 - 3/31/2020, Every day, Daily Average",2614,2146,3183
"258","Haji Bunder Rd","429","Adonia","3/1/2020 - 3/31/2020, Every day, Daily Average",2381,1938,2924
"258","Haji Bunder Rd","430","Saket Rd","3/1/2020 - 3/31/2020, Every day, Daily Average",3081,2445,3881
"258","Haji Bunder Rd","431","0, Koliwada","3/1/2020 - 3/31/2020, Every day, Daily Average",3694,2906,4694
"258","Haji Bunder Rd","433","Bhagirathi Bhavan","3/1/2020 - 3/31/2020, Every day, Daily Average",1295,963,1740
"258","Haji Bunder Rd","434","0/506, Western Express Hwy, Aarey Colony, Goregaon East","3/1/2020 - 3/31/2020, Every day, Daily Average",2795,2142,3647
"258","Haji Bunder Rd","436","0, Anand Nagar","3/1/2020 - 3/31/2020, Every day, Daily Average",3575,2832,4512
"258","Haji Bunder Rd","437","Gurudwara Road","3/1/2020 - 3/31/2020, Every day, Daily Average",6313,5265,7569
"258","Haji Bunder Rd","438","Rambaug Lane Number 5","3/1/2020 - 3/31/2020, Every day, Daily Average",5573,4312,7202
"258","Haji Bunder Rd","439","Plot No.15, Kalamboli Link Rd, Roadpali, Kalamboli, Panvel","3/1/2020 - 3/31/2020, Every day, Daily Average",2858,2302,3547
"258","Haji Bunder Rd","440","Bhima Mangal Chawl","3/1/2020 - 3/31/2020, Every day, Daily Average",2052,1655,2542
"258","Haji Bunder Rd","441","100, Uran Rd, Sector 32, Seawoods","3/1/2020 - 3/31/2020, Every day, Daily Average",2864,2306,3556
"258","Haji Bunder Rd","442","0, Mysore Colony Road, Mysore Colony, Chembur East","3/1/2020 - 3/31/2020, Every day, Daily Average",514,390,676
"258","Haji Bunder Rd","443","4C","3/1/2020 - 3/31/2020, Every day, Daily Average",2914,2360,3597
"258","Haji Bunder Rd","444","900/2, Uran Rd, Mominpada, Old Panvel, Panvel","3/1/2020 - 3/31/2020, Every day, Daily Average",3722,3112,4450
"258","Haji Bunder Rd","447","700-754, Dr Ghanti Rd, Central Railway Colony, Parsee Colony, Dadar","3/1/2020 - 3/31/2020, Every day, Daily Average",1190,809,1749
"258","Haji Bunder Rd","448","1B-66","3/1/2020 - 3/31/2020, Every day, Daily Average",3151,2413,4113
"258","Haji Bunder Rd","449","0, Katemanivali Rd, Bhagwan Colony, Kolsewadi, Kalyan East","3/1/2020 - 3/31/2020, Every day, Daily Average",6103,4946,7529
"258","Haji Bunder Rd","450","Sion - Panvel Expy","3/1/2020 - 3/31/2020, Every day, Daily Average",1691,1305,2190
"258","Haji Bunder Rd","451","Western Express Hwy","3/1/2020 - 3/31/2020, Every day, Daily Average",4949,3891,6293
"258","Haji Bunder Rd","452","0, Mugalsan Rd, Sector-19, Airoli","3/1/2020 - 3/31/2020, Every day, Daily Average",2626,2206,3125
"258","Haji Bunder Rd","453","Chhatrapati Shivaji International Airport Area","3/1/2020 - 3/31/2020, Every day, Daily Average",2530,1926,3322
"258","Haji Bunder Rd","455","0, Maker Arcade, Chamundeshwari Nagar, Cuffe Parade","3/1/2020 - 3/31/2020, Every day, Daily Average",1664,1261,2194
"258","Haji Bunder Rd","456","Bablram Palevar Chawl","3/1/2020 - 3/31/2020, Every day, Daily Average",2416,1856,3143
"258","Haji Bunder Rd","457","Kanishka Co-op Hsg. Soc.","3/1/2020 - 3/31/2020, Every day, Daily Average",6008,4432,8143
"258","Haji Bunder Rd","458","Dapuda Rd","3/1/2020 - 3/31/2020, Every day, Daily Average",3929,3170,4868
"258","Haji Bunder Rd","459","Modispaces New Life","3/1/2020 - 3/31/2020, Every day, Daily Average",4481,3284,6112
"258","Haji Bunder Rd","460","Mansarovar Station Rd","3/1/2020 - 3/31/2020, Every day, Daily Average",3458,2839,4210
"258","Haji Bunder Rd","461","6900, Rd Number 34, Hanuman Nagar, Wagle Industrial Estate, Thane West","3/1/2020 - 3/31/2020, Every day, Daily Average",2858,2311,3534
"258","Haji Bunder Rd","463","Darshani Society","3/1/2020 - 3/31/2020, Every day, Daily Average",2520,1967,3228
"258","Haji Bunder Rd","464","Kala Talaw Road","3/1/2020 - 3/31/2020, Every day, Daily Average",5193,4209,6406
"258","Haji Bunder Rd","465","Pipe Line Rd","3/1/2020 - 3/31/2020, Every day, Daily Average",3166,2487,4030
"258","Haji Bunder Rd","466","Mumbra Bypass Rd","3/1/2020 - 3/31/2020, Every day, Daily Average",3407,2627,4418
"258","Haji Bunder Rd","467","Old Link Rd","3/1/2020 - 3/31/2020, Every day, Daily Average",4713,3459,6420
"258","Haji Bunder Rd","469","0, Frere Rd, Indira Docks, Mumbai Port Trust, Mazgaon","3/1/2020 - 3/31/2020, Every day, Daily Average",509,361,716
"258","Haji Bunder Rd","470","7A-B","3/1/2020 - 3/31/2020, Every day, Daily Average",3011,2307,3929
"258","Haji Bunder Rd","471","100, Carter Rd, Bandra West","3/1/2020 - 3/31/2020, Every day, Daily Average",2390,2016,2832
"258","Haji Bunder Rd","472","Roopchand Apartments","3/1/2020 - 3/31/2020, Every day, Daily Average",2863,2185,3749
"258","Haji Bunder Rd","473","Sabe Rd","3/1/2020 - 3/31/2020, Every day, Daily Average",4112,3233,5229
"258","Haji Bunder Rd","474","Sarojini Naidu Marg","3/1/2020 - 3/31/2020, Every day, Daily Average",4016,3097,5206
"258","Haji Bunder Rd","475","Rustomjee Acura","3/1/2020 - 3/31/2020, Every day, Daily Average",2801,2172,3610
"258","Haji Bunder Rd","479","Dev Darshan Apartment","3/1/2020 - 3/31/2020, Every day, Daily Average",2541,1996,3234
"258","Haji Bunder Rd","481","Unnamed Road","3/1/2020 - 3/31/2020, Every day, Daily Average",2659,2150,3287
"258","Haji Bunder Rd","484","Mohane Rd","3/1/2020 - 3/31/2020, Every day, Daily Average",6034,4765,7640
"258","Haji Bunder Rd","486","D-5, Vikhroli Park Site Rd Number 1, Ganga Society, Vikhroli Park Site, Varsha Nagar, Vikhroli West","3/1/2020 - 3/31/2020, Every day, Daily Average",2101,1603,2752
"258","Haji Bunder Rd","488","Taloja Phase 1 Rd, Sector 11, Petali, Taloja","3/1/2020 - 3/31/2020, Every day, Daily Average",3613,3094,4218
"258","Haji Bunder Rd","489","Ajitnath","3/1/2020 - 3/31/2020, Every day, Daily Average",3952,2946,5301
"258","Haji Bunder Rd","491","100, SV Rd, Khan Estate, Jogeshwari West","3/1/2020 - 3/31/2020, Every day, Daily Average",2936,2263,3808
"258","Haji Bunder Rd","492","M1","3/1/2020 - 3/31/2020, Every day, Daily Average",2834,2311,3474
"258","Haji Bunder Rd","493","0-63","3/1/2020 - 3/31/2020, Every day, Daily Average",5236,4017,6824
"258","Haji Bunder Rd","494","Ghodbunder Rd","3/1/2020 - 3/31/2020, Every day, Daily Average",4366,3466,5499
"258","Haji Bunder Rd","495","MH SH 76","3/1/2020 - 3/31/2020, Every day, Daily Average",3329,2696,4109
"258","Haji Bunder Rd","497","Palm Beach Rd","3/1/2020 - 3/31/2020, Every day, Daily Average",2372,1884,2985
"258","Haji Bunder Rd","498","0-502, MG Road, Mulund West","3/1/2020 - 3/31/2020, Every day, Daily Average",2330,1914,2836
"258","Haji Bunder Rd","499","E-202","3/1/2020 - 3/31/2020, Every day, Daily Average",831,678,1018
"258","Haji Bunder Rd","500","Thane - Belapur Rd","3/1/2020 - 3/31/2020, Every day, Daily Average",2078,1642,2628
"258","Haji Bunder Rd","501","Parishram Building, Pandurang Wadi,Ramchandra Nagar, SBI Colony, Dombivli East","3/1/2020 - 3/31/2020, Every day, Daily Average",5096,3947,6578
"258","Haji Bunder Rd","502","Plot No. 49, Sector 20, Kamothe, Panvel","3/1/2020 - 3/31/2020, Every day, Daily Average",3280,2659,4045
"258","Haji Bunder Rd","505","J-57, Railway Station Rd, Poonam Sagar Complex, Mira Road East","3/1/2020 - 3/31/2020, Every day, Daily Average",4967,3773,6537
"258","Haji Bunder Rd","506","Mumbai - Agra National Hwy","3/1/2020 - 3/31/2020, Every day, Daily Average",1760,1410,2196
"258","Haji Bunder Rd","507","MDP Rd","3/1/2020 - 3/31/2020, Every day, Daily Average",3725,2781,4988
"258","Haji Bunder Rd","508","0, Kevni Pada","3/1/2020 - 3/31/2020, Every day, Daily Average",3103,2328,4134
"258","Haji Bunder Rd","509","Annexe Building","3/1/2020 - 3/31/2020, Every day, Daily Average",2119,1596,2812
"258","Haji Bunder Rd","510","Bhiwandi - Wada Rd","3/1/2020 - 3/31/2020, Every day, Daily Average",3282,2581,4172
"258","Haji Bunder Rd","511","Mehra Bhavan","3/1/2020 - 3/31/2020, Every day, Daily Average",2705,2127,3438
"258","Haji Bunder Rd","513","200, Swami Vivekananda Rd, Mahim West, Mahim","3/1/2020 - 3/31/2020, Every day, Daily Average",2003,1528,2625
"258","Haji Bunder Rd","514","Highland Park","3/1/2020 - 3/31/2020, Every day, Daily Average",2946,2186,3969
"258","Haji Bunder Rd","515","Ambedkar Chawk Road","3/1/2020 - 3/31/2020, Every day, Daily Average",3030,2394,3833
"258","Haji Bunder Rd","516","0, Marol MIDC Industry Estate","3/1/2020 - 3/31/2020, Every day, Daily Average",3177,2594,3890
"258","Haji Bunder Rd","517","0, Anand Nagar Rd, MHADA Colony, Mulund East","3/1/2020 - 3/31/2020, Every day, Daily Average",2080,1696,2550
"258","Haji Bunder Rd","519","0, Ganpat Rao Kadam Marg, Upper Worli, Worli","3/1/2020 - 3/31/2020, Every day, Daily Average",1832,1311,2559
"258","Haji Bunder Rd","520","0, Garodiya Nagar Rd, Garodia Nagar, Ghatkopar East","3/1/2020 - 3/31/2020, Every day, Daily Average",1153,910,1459
"258","Haji Bunder Rd","521","Mulund - Airoli Rd","3/1/2020 - 3/31/2020, Every day, Daily Average",2375,1949,2893
"258","Haji Bunder Rd","522","Kharghar Hills","3/1/2020 - 3/31/2020, Every day, Daily Average",2614,2107,3242
"258","Haji Bunder Rd","525","Unnamed Road","3/1/2020 - 3/31/2020, Every day, Daily Average",4321,3579,5216
"258","Haji Bunder Rd","526","Ram Mandir Ln","3/1/2020 - 3/31/2020, Every day, Daily Average",277,203,377
"258","Haji Bunder Rd","527","0/11 Ganesh bhanae chowl amardeep colony","3/1/2020 - 3/31/2020, Every day, Daily Average",5657,4444,7200
"258","Haji Bunder Rd","528","3rd Ave St","3/1/2020 - 3/31/2020, Every day, Daily Average",4253,3517,5141
"258","Haji Bunder Rd","529","0, Beverly Park Rd, Periwinkle, Mira Bhayandar, Beverly Park, Mira Road East","3/1/2020 - 3/31/2020, Every day, Daily Average",5341,4281,6662
"258","Haji Bunder Rd","530","H2 Road","3/1/2020 - 3/31/2020, Every day, Daily Average",1370,1010,1857
"258","Haji Bunder Rd","533","0, Pandurang Budhkar Marg, Worli, Lower Parel","3/1/2020 - 3/31/2020, Every day, Daily Average",1904,1389,2609
"258","Haji Bunder Rd","536","Jijamata Rd","3/1/2020 - 3/31/2020, Every day, Daily Average",3257,2485,4267
"258","Haji Bunder Rd","538","Unnamed Road","3/1/2020 - 3/31/2020, Every day, Daily Average",3971,3088,5105
"258","Haji Bunder Rd","539","Vardhman Estate","3/1/2020 - 3/31/2020, Every day, Daily Average",399,145,1091
"258","Haji Bunder Rd","540","Mashachapada Rd","3/1/2020 - 3/31/2020, Every day, Daily Average",4988,3908,6365
"258","Haji Bunder Rd","541","Mantralay Rd","3/1/2020 - 3/31/2020, Every day, Daily Average",825,654,1040
"258","Haji Bunder Rd","542","B/15, Dargah Road, Shantiniketan Society, Tulshet Pada, Mulund West","3/1/2020 - 3/31/2020, Every day, Daily Average",2586,2078,3216
"258","Haji Bunder Rd","545","0, SK Bole Marg, Prabhadevi","3/1/2020 - 3/31/2020, Every day, Daily Average",1942,1379,2733
"258","Haji Bunder Rd","546","0, Veera Desai Road, Veera Desai Industrial Estate, Andheri West","3/1/2020 - 3/31/2020, Every day, Daily Average",3125,2400,4068
"258","Haji Bunder Rd","547","A-467, S Central Rd, MIDC Industrial Area, Mahape","3/1/2020 - 3/31/2020, Every day, Daily Average",3035,2476,3719
"258","Haji Bunder Rd","548","Vardhaman Palace","3/1/2020 - 3/31/2020, Every day, Daily Average",1937,1519,2469
"258","Haji Bunder Rd","549","Ovali Gaon Road","3/1/2020 - 3/31/2020, Every day, Daily Average",3631,2969,4439
"258","Haji Bunder Rd","550","BIT NO-1, Yashvant Rao Chavan Marg, Agarwadi, Govandi East","3/1/2020 - 3/31/2020, Every day, Daily Average",1177,869,1593
"258","Haji Bunder Rd","551","Kailash Heights","3/1/2020 - 3/31/2020, Every day, Daily Average",2292,1711,3069
"258","Haji Bunder Rd","552","0, Sector 4E, Kalamboli, Panvel","3/1/2020 - 3/31/2020, Every day, Daily Average",2971,2414,3656
"258","Haji Bunder Rd","553","Wing-A, Geeta Nagar Road, Phase 4, Phase 3, Geeta Nagar, Mira Road East","3/1/2020 - 3/31/2020, Every day, Daily Average",5390,4158,6985
"258","Haji Bunder Rd","554","0, Paranjape B Scheme Rd Number 2, Navpada, Paranjape Nagar, Vile Parle","3/1/2020 - 3/31/2020, Every day, Daily Average",2273,1730,2984
"258","Haji Bunder Rd","555","Foot Over Bridge","3/1/2020 - 3/31/2020, Every day, Daily Average",5359,4027,7131
"258","Haji Bunder Rd","556","Mumbai - Agra National Hwy","3/1/2020 - 3/31/2020, Every day, Daily Average",3536,2895,4318
"258","Haji Bunder Rd","557","0, MG Ramachandran Marg, Datta Nagar, Trombay","3/1/2020 - 3/31/2020, Every day, Daily Average",1644,1283,2104
"258","Haji Bunder Rd","558","New Kalyan Rd","3/1/2020 - 3/31/2020, Every day, Daily Average",5186,4048,6642
"258","Haji Bunder Rd","559","0, Reynolds Road, Tejas Nagar Colony, Wadala West, Wadala","3/1/2020 - 3/31/2020, Every day, Daily Average",209,155,281
"258","Haji Bunder Rd","560","Opp., Eastern Express Hwy, Runwal Nagar, Thane West","3/1/2020 - 3/31/2020, Every day, Daily Average",2705,2117,3455
"258","Haji Bunder Rd","563","0, Sector 27","3/1/2020 - 3/31/2020, Every day, Daily Average",2716,2194,3360
"258","Haji Bunder Rd","564","Anandnagar Vadavali Road","3/1/2020 - 3/31/2020, Every day, Daily Average",3518,2800,4419
"258","Haji Bunder Rd","565","way to Bis Milla Chawl","3/1/2020 - 3/31/2020, Every day, Daily Average",1504,1075,2102
"258","Haji Bunder Rd","566","Sakharam Appa Kadam Chawl","3/1/2020 - 3/31/2020, Every day, Daily Average",3407,2554,4544
"258","Haji Bunder Rd","567","D-2","3/1/2020 - 3/31/2020, Every day, Daily Average",4065,3224,5123
"258","Haji Bunder Rd","568","Unnamed Road","3/1/2020 - 3/31/2020, Every day, Daily Average",1130,821,1554
"258","Haji Bunder Rd","569","Pestom Sagar Rd Number 6, Pestom Sagar Colony, Ghatkopar East","3/1/2020 - 3/31/2020, Every day, Daily Average",1010,806,1265
"258","Haji Bunder Rd","570","0, Neelam Nagar","3/1/2020 - 3/31/2020, Every day, Daily Average",2224,1778,2780
"258","Haji Bunder Rd","572","A-1","3/1/2020 - 3/31/2020, Every day, Daily Average",2985,2345,3798
"258","Haji Bunder Rd","573","Janaki Avenue","3/1/2020 - 3/31/2020, Every day, Daily Average",5727,4400,7452
"258","Haji Bunder Rd","574","0-B, Lal Bahadur Shastri Marg, Gandhi Nagar, Kirti Vihar, Ghatkopar West","3/1/2020 - 3/31/2020, Every day, Daily Average",1824,1384,2402
"258","Haji Bunder Rd","575","0, Chendani Bunder Road, Mahagiri Koliwada, Jambli Naka, Thane West","3/1/2020 - 3/31/2020, Every day, Daily Average",3194,2476,4119
"258","Haji Bunder Rd","576","Kendriya Sadan","3/1/2020 - 3/31/2020, Every day, Daily Average",2519,2024,3134
"258","Haji Bunder Rd","577","Sharda Apartments","3/1/2020 - 3/31/2020, Every day, Daily Average",1128,791,1606
"258","Haji Bunder Rd","578","B-11/2, Kher Wadi Rd, Government Colony, Bandra East","3/1/2020 - 3/31/2020, Every day, Daily Average",1778,1387,2279
"258","Haji Bunder Rd","579","Bhiwandi - Murbad Rd","3/1/2020 - 3/31/2020, Every day, Daily Average",4225,3498,5102
"258","Haji Bunder Rd","580","300, Balkrishna Nakashe Marg, Janata Nagar, Tardeo","3/1/2020 - 3/31/2020, Every day, Daily Average",1727,1196,2492
"258","Haji Bunder Rd","582","MH SH 76","3/1/2020 - 3/31/2020, Every day, Daily Average",3445,2897,4095
"258","Haji Bunder Rd","583","0-3, Savitribai Phule Marg, Krishan mandir Area, Sector 19, Nerul","3/1/2020 - 3/31/2020, Every day, Daily Average",2373,1896,2968
"258","Haji Bunder Rd","584","200, Station Road, Railway Staff Quarters, Naupada, Bandra East","3/1/2020 - 3/31/2020, Every day, Daily Average",1714,1341,2189
"258","Haji Bunder Rd","585","WING-B, Bhagwanlal Indrajit Rd, Teen Batti, Malabar Hill","3/1/2020 - 3/31/2020, Every day, Daily Average",1491,1135,1958
"258","Haji Bunder Rd","586","SEP-2","3/1/2020 - 3/31/2020, Every day, Daily Average",1315,1052,1642
"258","Haji Bunder Rd","587","Narayanshet Patil Road","3/1/2020 - 3/31/2020, Every day, Daily Average",3811,2959,4907
"258","Haji Bunder Rd","588","Madhuri CHS","3/1/2020 - 3/31/2020, Every day, Daily Average",3394,2714,4244
"258","Haji Bunder Rd","590","0/A, Bhagwanlal Indrajit Rd, Teen Batti, Malabar Hill","3/1/2020 - 3/31/2020, Every day, Daily Average",1502,1153,1955
"258","Haji Bunder Rd","591","Keshavrao Khadye Marg","3/1/2020 - 3/31/2020, Every day, Daily Average",1325,942,1862
"258","Haji Bunder Rd","593","Kalyan - Shilphata Rd","3/1/2020 - 3/31/2020, Every day, Daily Average",3723,2907,4767
"258","Haji Bunder Rd","594","Mansarovar Complex","3/1/2020 - 3/31/2020, Every day, Daily Average",4765,3688,6155
"258","Haji Bunder Rd","596","Gr. Flr, Tikuji Ni Wadi Rd, Hill Garden, Kokanipada, Thane West","3/1/2020 - 3/31/2020, Every day, Daily Average",3113,2471,3920
"258","Haji Bunder Rd","597","Vastu Vihar Rd","3/1/2020 - 3/31/2020, Every day, Daily Average",2822,2280,3492
"258","Haji Bunder Rd","598","100, Collectors Colony Rd,  , Chembur East","3/1/2020 - 3/31/2020, Every day, Daily Average",1037,795,1351
"258","Haji Bunder Rd","599","Railway Bridge","3/1/2020 - 3/31/2020, Every day, Daily Average",1481,1050,2088
"258","Haji Bunder Rd","600","Sector 15 Sanpada Rd","3/1/2020 - 3/31/2020, Every day, Daily Average",2158,1700,2739
"258","Haji Bunder Rd","601","Nehru Rd","3/1/2020 - 3/31/2020, Every day, Daily Average",5396,4236,6873
"258","Haji Bunder Rd","602","B-14","3/1/2020 - 3/31/2020, Every day, Daily Average",2019,1617,2519
"258","Haji Bunder Rd","603","Ganesh Mandir Road","3/1/2020 - 3/31/2020, Every day, Daily Average",3325,2728,4052
"258","Haji Bunder Rd","604","200, MIDC Industrial Area","3/1/2020 - 3/31/2020, Every day, Daily Average",2416,1950,2993
"258","Haji Bunder Rd","605","Lodha Casa Rio Gold Rd","3/1/2020 - 3/31/2020, Every day, Daily Average",4051,3166,5182
"258","Haji Bunder Rd","606","100, Dargah Rd, Amrut Nagar, Sonaji Nagar, Mumbra","3/1/2020 - 3/31/2020, Every day, Daily Average",3818,2997,4863
"258","Haji Bunder Rd","607","WING-B, Lal Bahadur Shastri Marg, GKW Colony, Bhandup West","3/1/2020 - 3/31/2020, Every day, Daily Average",2403,1851,3118
"258","Haji Bunder Rd","608","0-104, Nargis Dutt Rd, Pali Hill","3/1/2020 - 3/31/2020, Every day, Daily Average",2593,2097,3205
"258","Haji Bunder Rd","610","100, Swadeshi Mills Rd, Tadwadi, Chunabhatti, Sion","3/1/2020 - 3/31/2020, Every day, Daily Average",911,713,1162
"258","Haji Bunder Rd","611","M 5","3/1/2020 - 3/31/2020, Every day, Daily Average",1140,796,1632
"258","Haji Bunder Rd","612","0, Dr Baba Saheb Ambedkar Rd, Dhaku Prabhuchi Wadi, Byculla East, Mazgaon","3/1/2020 - 3/31/2020, Every day, Daily Average",573,231,1415
"258","Haji Bunder Rd","613","Pimpalner Road","3/1/2020 - 3/31/2020, Every day, Daily Average",3676,3013,4484
"258","Haji Bunder Rd","614","0, Kulupwadi Ln, Kulupwadi, Borivali East","3/1/2020 - 3/31/2020, Every day, Daily Average",3843,2885,5117
"258","Haji Bunder Rd","615","Khandeshwar Rd","3/1/2020 - 3/31/2020, Every day, Daily Average",3447,2840,4183
"258","Haji Bunder Rd","616","Badlapur - Katai Road","3/1/2020 - 3/31/2020, Every day, Daily Average",4575,3594,5822
"258","Haji Bunder Rd","617","Kalyan - Shilphata Rd","3/1/2020 - 3/31/2020, Every day, Daily Average",4531,3511,5845
"258","Haji Bunder Rd","618","HCC Building","3/1/2020 - 3/31/2020, Every day, Daily Average",1834,1483,2267
"258","Haji Bunder Rd","619","Zakeria Rd","3/1/2020 - 3/31/2020, Every day, Daily Average",3996,2974,5367
"258","Haji Bunder Rd","621","Everest World","3/1/2020 - 3/31/2020, Every day, Daily Average",3077,2439,3881
"258","Haji Bunder Rd","623","Pushp Sindhu - Saroj Road","3/1/2020 - 3/31/2020, Every day, Daily Average",2995,2488,3604
"258","Haji Bunder Rd","624","0, Dargah Rd, Haji Ali, Breach Candy, Cumballa Hill","3/1/2020 - 3/31/2020, Every day, Daily Average",1692,1273,2248
"258","Haji Bunder Rd","625","0, Khan Abdul Gaffar Khan Road, Police Camp, Worli Sea Face, Worli","3/1/2020 - 3/31/2020, Every day, Daily Average",2654,1763,3993
"258","Haji Bunder Rd","626","Ram Building","3/1/2020 - 3/31/2020, Every day, Daily Average",2694,2120,3422
"258","Haji Bunder Rd","629","0, Station Road, Sen Nagar, Santacruz East","3/1/2020 - 3/31/2020, Every day, Daily Average",2008,1531,2633
"258","Haji Bunder Rd","630","Rajiv Gandhi Jogers Park","3/1/2020 - 3/31/2020, Every day, Daily Average",2102,1643,2688
"258","Haji Bunder Rd","631","Marine Lines Flyover","3/1/2020 - 3/31/2020, Every day, Daily Average",950,681,1324
"258","Haji Bunder Rd","632","Malet Bandar Rd","3/1/2020 - 3/31/2020, Every day, Daily Average",211,153,289
"258","Haji Bunder Rd","633","T-39, Lokhandwala Complex Rd, SV Patel Nagar, Andheri West","3/1/2020 - 3/31/2020, Every day, Daily Average",3887,3047,4958
"258","Haji Bunder Rd","634","0, Bandar Kurla Complex Rd, Kala Nagar, Bandra East","3/1/2020 - 3/31/2020, Every day, Daily Average",1483,1160,1894
"258","Haji Bunder Rd","635","0, Station Road, Wing F, Sector 8, Kharghar","3/1/2020 - 3/31/2020, Every day, Daily Average",2714,2197,3352
"258","Haji Bunder Rd","636","0, SG Barve Marg, Sindhi Society, Chembur East","3/1/2020 - 3/31/2020, Every day, Daily Average",1261,937,1696
"258","Haji Bunder Rd","637","Vishwakarma Jeevandip Bungalow 2","3/1/2020 - 3/31/2020, Every day, Daily Average",3001,2268,3970
"258","Haji Bunder Rd","638","C/209, Raheja Vihar Circular Rd, Hillside Cooperative Society, Raheja Vihar, Chandivali, Powai","3/1/2020 - 3/31/2020, Every day, Daily Average",2672,2105,3390
"258","Haji Bunder Rd","639","Belle View, PLOT NO. 8/10, sector -12, 2, Panvel Matheran Rd, Sector 12, New Panvel East, Panvel","3/1/2020 - 3/31/2020, Every day, Daily Average",4071,3140,5277
"258","Haji Bunder Rd","643","0-4, Guru Gobind Singh Rd, Veena Nagar, Mulund West","3/1/2020 - 3/31/2020, Every day, Daily Average",2605,2120,3200
"258","Haji Bunder Rd","644","Building Number 3, Gaurav Enclave Rd, Chandan Shanti, Mira Road East","3/1/2020 - 3/31/2020, Every day, Daily Average",4968,3844,6420
"258","Haji Bunder Rd","645","EL-99","3/1/2020 - 3/31/2020, Every day, Daily Average",2698,2215,3285
"258","Haji Bunder Rd","647","Suyash Building","3/1/2020 - 3/31/2020, Every day, Daily Average",1729,1227,2434
"258","Haji Bunder Rd","648","Bellpepper St","3/1/2020 - 3/31/2020, Every day, Daily Average",3635,2861,4618
"258","Haji Bunder Rd","649","Plot No. 48","3/1/2020 - 3/31/2020, Every day, Daily Average",2797,2254,3469
"258","Haji Bunder Rd","651","Mankoli - Anjurphata Rd","3/1/2020 - 3/31/2020, Every day, Daily Average",3661,2926,4579
"258","Haji Bunder Rd","652","David Joshua","3/1/2020 - 3/31/2020, Every day, Daily Average",3226,2610,3986
"258","Haji Bunder Rd","653","0, Sector 2","3/1/2020 - 3/31/2020, Every day, Daily Average",2753,2241,3380
"258","Haji Bunder Rd","655","Mumbai - Agra National Hwy","3/1/2020 - 3/31/2020, Every day, Daily Average",3453,2815,4235
"258","Haji Bunder Rd","659","100, Cardinal Gracias Rd, AAI Colony, J B Nagar, Andheri East","3/1/2020 - 3/31/2020, Every day, Daily Average",2370,1779,3155
"258","Haji Bunder Rd","662","Dahisar Check Naka","3/1/2020 - 3/31/2020, Every day, Daily Average",4239,3222,5575
"258","Haji Bunder Rd","663","0, Ghodbunder Rd, Owale, Thane West","3/1/2020 - 3/31/2020, Every day, Daily Average",3791,2977,4827
"258","Haji Bunder Rd","664","Ram Bhuvan Chawl","3/1/2020 - 3/31/2020, Every day, Daily Average",2840,2129,3786
"258","Haji Bunder Rd","665","Lala Lajpatrai Marg","3/1/2020 - 3/31/2020, Every day, Daily Average",2016,1500,2708
"258","Haji Bunder Rd","667","Janjira Chambers","3/1/2020 - 3/31/2020, Every day, Daily Average",996,708,1399
"258","Haji Bunder Rd","668","0, Bhulabhai Desai Marg, Breach Candy, Cumballa Hill","3/1/2020 - 3/31/2020, Every day, Daily Average",1668,1213,2292
"258","Haji Bunder Rd","669","Dayabhai Chawl","3/1/2020 - 3/31/2020, Every day, Daily Average",3929,2897,5328
"258","Haji Bunder Rd","670","Neelkanth Smruti","3/1/2020 - 3/31/2020, Every day, Daily Average",1680,1306,2159
"258","Haji Bunder Rd","672","Godrej and Boyce Factory Rd","3/1/2020 - 3/31/2020, Every day, Daily Average",1566,1211,2023
"258","Haji Bunder Rd","673","Patil Pada Road","3/1/2020 - 3/31/2020, Every day, Daily Average",4196,3507,5020
"258","Haji Bunder Rd","674","BJ Road","3/1/2020 - 3/31/2020, Every day, Daily Average",2919,1972,4319
"258","Haji Bunder Rd","675","Chandrama CHS","3/1/2020 - 3/31/2020, Every day, Daily Average",5843,4586,7443
"258","Haji Bunder Rd","676","0, Kondivita Rd, Bhim Nagar, Andheri East","3/1/2020 - 3/31/2020, Every day, Daily Average",2952,2368,3678
"258","Haji Bunder Rd","677","A-10, Mithaghar Rd, Tridal Society, Patil Nagar, LIC Housing Colony, Mulund East","3/1/2020 - 3/31/2020, Every day, Daily Average",2192,1785,2691
"258","Haji Bunder Rd","679","0/16/91, RCF Colony Rd, Gulab Park Colony, RCF Colony, Chembur East","3/1/2020 - 3/31/2020, Every day, Daily Average",725,560,937
"258","Haji Bunder Rd","680","P-2, SV Rd, Rani Sati Nagar, Sunder Nagar, Malad West","3/1/2020 - 3/31/2020, Every day, Daily Average",3448,2576,4613
"258","Haji Bunder Rd","681","Vijay Marg","3/1/2020 - 3/31/2020, Every day, Daily Average",3487,2857,4255
"258","Haji Bunder Rd","682","0/A, Rafi Ahmed Kidwai Rd, Kasturba Gandhi Nagar, Wadla Village, Wadala","3/1/2020 - 3/31/2020, Every day, Daily Average",743,557,990
"258","Haji Bunder Rd","683","Eastern Fwy","3/1/2020 - 3/31/2020, Every day, Daily Average",358,267,479
"258","Haji Bunder Rd","684","0, Godrej Creekside Colony","3/1/2020 - 3/31/2020, Every day, Daily Average",1471,1189,1819
"258","Haji Bunder Rd","685","Niwara Society","3/1/2020 - 3/31/2020, Every day, Daily Average",4926,3843,6313
"258","Haji Bunder Rd","686","VN Purva Rd","3/1/2020 - 3/31/2020, Every day, Daily Average",1443,1131,1841
"258","Haji Bunder Rd","688","Chelsea","3/1/2020 - 3/31/2020, Every day, Daily Average",3555,2790,4528
"258","Haji Bunder Rd","689","General Arunkumar Vaidya Marg","3/1/2020 - 3/31/2020, Every day, Daily Average",2020,1521,2681
"258","Haji Bunder Rd","690","A/2,406, Moulana Azad Rd, Daulat Nagar, Kausa, Mumbra","3/1/2020 - 3/31/2020, Every day, Daily Average",4000,3250,4921
"258","Haji Bunder Rd","691","0, Airoli Knowledge Park Road, MSEB Staff Colony, TTC Industrial Area, Airoli","3/1/2020 - 3/31/2020, Every day, Daily Average",2790,2365,3291
"258","Haji Bunder Rd","695","Mumbai - Agra National Hwy","3/1/2020 - 3/31/2020, Every day, Daily Average",3382,2747,4162